layout_id,strategy,heliostat_count,group_count,intercept_fraction_proxy,spillage_proxy,peak_flux_proxy,mean_active_flux_proxy,peak_to_mean_proxy,cv_active_proxy
baseline_full,staggered_levels:9:0.380:0,11915,349,0.9938542249840447,0.006145775015955257,2.2134433042287394,1.3572940233778177,1.6307765790644781,0.25920104977460245
deform_0276,staggered_levels:9:0.380:0,11915,347,0.9938124483995938,0.006187551600406183,2.1035903489278858,1.3646241024392662,1.5415163378455041,0.2636582345653358
deform_0567,staggered_levels:9:0.380:1,11915,356,0.9937910628291279,0.00620893717087212,2.1672671778341233,1.3531387936030488,1.6016591853547166,0.2586586323986539
deform_0665,staggered_levels:9:0.380:8,11915,345,0.9937112914893972,0.006288708510602814,2.222713621788999,1.3670784542820262,1.625885928365642,0.2661517964707221
deform_0893,staggered_levels:9:0.380:2,11915,346,0.9936439187794135,0.006356081220586507,2.0890120971565564,1.365977305956848,1.5293168400724144,0.2671717607162932
deform_1387,staggered_levels:9:0.380:1,11915,351,0.9937683647046123,0.006231635295387727,2.0857814758342768,1.3511564096929176,1.5437009815231681,0.25269970413627724
deform_1444,staggered_levels:9:0.380:2,11915,346,0.9936728746619155,0.006327125338084549,2.174114999634693,1.357649911221085,1.6013811673137965,0.25757165736963394
deform_1822,staggered_levels:9:0.380:1,11915,349,0.9938214909443904,0.006178509055609571,2.1386321073217123,1.3565426384412471,1.5765314312413616,0.2571125270474206
